<?xml version="1.0"?>
<CNARPACatalog>
  <Process>
<!--Basic Policy Details Variables-->
     <Id>CNA_RPA_POLICIES_MRL_AE_001</Id>
     <Name>MRL Audit Endorsement</Name>
     <ProcessingExcelFilePath>C:\Users\SPLBotP1\OneDrive - CNA\Audit Endorsement\Processing Files</ProcessingExcelFilePath>
	 <DownloadInputFilesPath>C:\Users\SPLBotP1\OneDrive - CNA\Audit Endorsement\Input Files</DownloadInputFilesPath>
     <ArchivePDFFolderLocation>C:\Users\SPLBotP1\OneDrive - CNA\Audit Endorsement\Archive</ArchivePDFFolderLocation>
	 <OutputReportPath>C:\Users\SPLBOTP1\OneDrive - CNA\Audit Endorsement\Output Report Files</OutputReportPath>
     <BotReportSharedLocation>https://cnainsurance.sharepoint.com/sites/RPAFolders/Shared%20Documents/Forms/AllItems.aspx?csf=1!!!Ampersand!!!web=1!!!Ampersand!!!e=7Hnk97!!!Ampersand!!!CID=676220e9%2Dc9c6%2D4461%2Da694%2Dbeb67d7a16bb!!!Ampersand!!!FolderCTID=0x012000AD2CD519CF9CC248B264663BFE1284A7!!!Ampersand!!!id=%2Fsites%2FRPAFolders%2FShared%20Documents%2FPROD%20RPA%2FAudit%20Endorsement%2FProcessing%20Files%2FArchive</BotReportSharedLocation>
     <MRLExePath>C:\Program Files (x86)\MRL.H83\MOA\mrlmoac.exe</MRLExePath>
     <MRLEnvironment>Production</MRLEnvironment>
     <DBInstance>DB2XBT33</DBInstance>
     <LogFileFolderLocation>C:\Logs\MRLAE</LogFileFolderLocation>
     <LogScreenshotFileFolderLocation>C:\Logs\MRLAE\Screenshots</LogScreenshotFileFolderLocation>
     <FileKeyword>Audit_End</FileKeyword>
	 <ExpectedInputFileExtension>pdf</ExpectedInputFileExtension>
     <ExpectedInputFileName>*</ExpectedInputFileName>

<!--Email Variables-->
    <EmailFolderName>Audit Endorsement Emails</EmailFolderName>
	<EmailArchiveFolder>Audit Endorsement Archive</EmailArchiveFolder>
	<OutlookExePath>C:\Program Files\Microsoft Office\root\Office16\OUTLOOK.EXE</OutlookExePath>
    <ProcessOwnerEmail>Robert.Sciachetano@cna.com;Mary.Kaitschuck@cna.com</ProcessOwnerEmail>     
    <SupportEmail>Jacqueline.Starr@cna.com;pragati.goyal@cna.com;Aditya.Deomore@cna.com</SupportEmail>
	<ExpectedEmailSendersDistributionList>Robert.Sciachetano@cna.com;pragati.goyal@cna.com;Aditya.Deomore@cna.com;Mary.Kaitschuck@cna.com</ExpectedEmailSendersDistributionList>
	<ExpectedEmailSubject>Audit Endorsement Emails</ExpectedEmailSubject>
    <FromEmail>SPLBotP1.RPABot@cna.com</FromEmail>	
    
<!--Retry Logic Parameters-->
    <MRLExeRetryTimes>3</MRLExeRetryTimes>
    <MRLExeRetryDelay>30</MRLExeRetryDelay>      
    <StatusColumn>G</StatusColumn>
    <CommentsColumn>H</CommentsColumn>	
	<SearchRenewalListScrollDownLimit>10</SearchRenewalListScrollDownLimit>
    
<!--Bot Recorder Timeouts-->
    <ExtraSmallTimeout>10</ExtraSmallTimeout>
    <SmallTimeout>10</SmallTimeout>
    <MediumTimeout>30</MediumTimeout>
    <LargeTimeout>60</LargeTimeout>
    
<!--Dropdown Maximum Count-->
    <MaxRowCount>5</MaxRowCount>
    <DepositPremiumDropdownCount>20</DepositPremiumDropdownCount>    
	<numAccountClassPosition>20</numAccountClassPosition>
    <AdditionalCoveragDropdownCount>20</AdditionalCoveragDropdownCount>
    <MaximumConsecutiveFailuresAllowed>5</MaximumConsecutiveFailuresAllowed>
    
<!--Reading premiums/coverages index position in dropdown list-->
	<numDepositMarinePosition>13</numDepositMarinePosition>
    <numAddCovMarinePosition>3</numAddCovMarinePosition>
    <numAddCovMiscPosition>14</numAddCovMiscPosition>
    
<!--Read Additional Number Variables-->
	<InsuredNameLabelImagePercentageMatch>95</InsuredNameLabelImagePercentageMatch>
	<InsuredTableFirstRowXOffset>38</InsuredTableFirstRowXOffset>
	<InsuredTableFirstRowYOffset>24</InsuredTableFirstRowYOffset>
	<InsuredTableRowsGapXAxis>0</InsuredTableRowsGapXAxis>
	<InsuredTableRowsGapYAxis>22</InsuredTableRowsGapYAxis>
	<PolicyTableFirstRowXOffset>38</PolicyTableFirstRowXOffset>
	<PolicyTableFirstRowYOffset>28</PolicyTableFirstRowYOffset>
	<PolicyTableRowsGapXAxis>0</PolicyTableRowsGapXAxis>
	<PolicyTableRowsGapYAxis>24</PolicyTableRowsGapYAxis>
	<TotalNoOfPolicyType>20</TotalNoOfPolicyType>
	<TotalNoOfStates>100</TotalNoOfStates>
	<RequiredPolicyNumberLength>10</RequiredPolicyNumberLength>
	<RetryLimit>3</RetryLimit>
	<OceanCargoDropDownRetryLimit>20</OceanCargoDropDownRetryLimit>
    <OceanCargoImageComparisonMatch>95</OceanCargoImageComparisonMatch>
    
<!--Additional String Variables-->
	<InsuredCountry>United States of America</InsuredCountry>
	<InsuredOwnership>Corporation</InsuredOwnership>
	<InsuredPolicyType>OC</InsuredPolicyType>
	<NewBusinessComment>Endorsement by the bot</NewBusinessComment>
	<NewPolicyPrefix>S</NewPolicyPrefix>
	<PolicyRenewalNumber>0</PolicyRenewalNumber>
	<PolicyNumberPrefixChar>S</PolicyNumberPrefixChar>
    <BasicDetailsBackend>CNA - PES</BasicDetailsBackend>
    <BasicDetailsCompany>Continental Insurance Company</BasicDetailsCompany>
	<strActualCoverage>Export - Steamer</strActualCoverage>  
    <strFileExtensionToProcess>xlsx</strFileExtensionToProcess>

<!--Agent Name Co-ordinate variables-->
      <numAgentNameXCoOrdinateInitialGap>100</numAgentNameXCoOrdinateInitialGap>
      <numAgentNameXCoOrdinateRegularGap>0</numAgentNameXCoOrdinateRegularGap>
      <numAgentNameYCoOrdinateInitialGap>9</numAgentNameYCoOrdinateInitialGap>
      <numAgentNameYCoOrdinateRegularGap>20</numAgentNameYCoOrdinateRegularGap>
   </Process>
</CNARPACatalog>